Date,Team_A,Team_B,Score_A,Score_B,Tournament,Location_A,Is_Playoff,Is_GoD
2022-09-21,Scotland,Ukraine,3,0,NL_B,Home,0,0
2022-09-22,Croatia,Denmark,2,1,NL_B,Home,0,0
2022-09-22,France,Austria,2,0,NL_B,Home,0,0
2022-09-22,Belgium,Wales,2,1,NL_B,Home,0,0
2022-09-22,Poland,Netherlands,0,2,NL_B,Home,0,0
2022-09-22,Lithuania,Faroe Islands,1,1,NL_B,Home,0,0
2022-09-22,Turkey,Luxembourg,3,3,NL_B,Home,0,0
2022-09-22,Kazakhstan,Belarus,2,1,NL_B,Home,0,0
2022-09-22,Slovakia,Azerbaijan,1,2,NL_B,Home,0,0
2022-09-22,Latvia,Moldova,1,2,NL_B,Home,0,0
2022-09-22,Liechtenstein,Andorra,0,2,NL_B,Home,0,0
2022-09-23,Germany,Hungary,0,1,NL_B,Home,0,0
2022-09-23,Italy,England,1,0,NL_B,Home,0,0
2022-09-23,Bosnia and Herzegovina,Montenegro,1,0,NL_B,Home,0,0
2022-09-23,Finland,Romania,1,1,NL_B,Home,0,0
2022-09-23,Georgia,North Macedonia,2,0,NL_B,Home,0,0
2022-09-23,Bulgaria,Gibraltar,5,1,NL_B,Home,0,0
2022-09-23,Estonia,Malta,2,1,NL_B,Home,0,0
2022-09-24,Czech Republic,Portugal,0,4,NL_B,Home,0,0
2022-09-24,Spain,Switzerland,1,2,NL_B,Home,0,0
2022-09-24,Armenia,Ukraine,0,5,NL_B,Home,0,0
2022-09-24,Scotland,Republic of Ireland,2,1,NL_B,Home,0,0
2022-09-24,Israel,Albania,2,1,NL_B,Home,0,0
2022-09-24,Slovenia,Norway,2,1,NL_B,Home,0,0
2022-09-24,Serbia,Sweden,4,1,NL_B,Home,0,0
2022-09-24,Northern Ireland,Kosovo,2,1,NL_B,Home,0,0
2022-09-24,Cyprus,Greece,1,0,NL_B,Home,0,0
2022-09-25,Austria,Croatia,1,3,NL_B,Home,0,0
2022-09-25,Denmark,France,2,0,NL_B,Home,0,0
2022-09-25,Wales,Poland,0,1,NL_B,Home,0,0
2022-09-25,Netherlands,Belgium,1,0,NL_B,Home,0,0
2022-09-25,Faroe Islands,Turkey,2,1,NL_B,Home,0,0
2022-09-25,Luxembourg,Lithuania,1,0,NL_B,Home,0,0
2022-09-25,Slovakia,Belarus,1,1,NL_B,Neutral,0,0
2022-09-25,Azerbaijan,Kazakhstan,3,0,NL_B,Home,0,0
2022-09-25,Andorra,Latvia,1,1,NL_B,Home,0,0
2022-09-25,Moldova,Liechtenstein,2,0,NL_B,Home,0,0
2022-09-26,England,Germany,3,3,NL_B,Home,0,0
2022-09-26,Hungary,Italy,0,2,NL_B,Home,0,0
2022-09-26,Montenegro,Finland,0,2,NL_B,Home,0,0
2022-09-26,Romania,Bosnia and Herzegovina,4,1,NL_B,Home,0,0
2022-09-26,Gibraltar,Georgia,1,2,NL_B,Home,0,0
2022-09-26,North Macedonia,Bulgaria,0,1,NL_B,Home,0,0
2022-09-26,San Marino,Estonia,0,4,NL_B,Home,0,0
2022-09-27,Portugal,Spain,0,1,NL_B,Home,0,0
2022-09-27,Switzerland,Czech Republic,2,1,NL_B,Home,0,0
2022-09-27,Republic of Ireland,Armenia,3,2,NL_B,Home,0,0
2022-09-27,Ukraine,Scotland,0,0,NL_B,Neutral,0,0
2022-09-27,Albania,Iceland,1,1,NL_B,Home,0,0
2022-09-27,Norway,Serbia,0,2,NL_B,Home,0,0
2022-09-27,Sweden,Slovenia,1,1,NL_B,Home,0,0
2022-09-27,Kosovo,Cyprus,5,1,NL_B,Home,0,0
2022-09-27,Greece,Northern Ireland,3,1,NL_B,Home,0,0
2023-03-23,Italy,England,1,2,QUAL_EURO,Home,0,0
2023-03-23,North Macedonia,Malta,2,1,QUAL_EURO,Home,0,0
2023-03-23,Denmark,Finland,3,1,QUAL_EURO,Home,0,0
2023-03-23,San Marino,Northern Ireland,0,2,QUAL_EURO,Home,0,0
2023-03-23,Kazakhstan,Slovenia,1,2,QUAL_EURO,Home,0,0
2023-03-23,Portugal,Liechtenstein,4,0,QUAL_EURO,Home,0,0
2023-03-23,Bosnia and Herzegovina,Iceland,3,0,QUAL_EURO,Home,0,0
2023-03-23,Slovakia,Luxembourg,0,0,QUAL_EURO,Home,0,0
2023-03-24,Gibraltar,Greece,0,3,QUAL_EURO,Neutral,0,0
2023-03-24,France,Netherlands,4,0,QUAL_EURO,Home,0,0
2023-03-24,Czech Republic,Poland,3,1,QUAL_EURO,Home,0,0
2023-03-24,Moldova,Faroe Islands,1,1,QUAL_EURO,Home,0,0
2023-03-24,Austria,Azerbaijan,4,1,QUAL_EURO,Home,0,0
2023-03-24,Sweden,Belgium,0,3,QUAL_EURO,Home,0,0
2023-03-24,Bulgaria,Montenegro,0,1,QUAL_EURO,Home,0,0
2023-03-24,Serbia,Lithuania,2,0,QUAL_EURO,Home,0,0
2023-03-25,Scotland,Cyprus,3,0,QUAL_EURO,Home,0,0
2023-03-25,Spain,Norway,3,0,QUAL_EURO,Home,0,0
2023-03-25,Croatia,Wales,1,1,QUAL_EURO,Home,0,0
2023-03-25,Armenia,Turkey,1,2,QUAL_EURO,Home,0,0
2023-03-25,Belarus,Switzerland,0,5,QUAL_EURO,Neutral,0,0
2023-03-25,Israel,Kosovo,1,1,QUAL_EURO,Home,0,0
2023-03-25,Andorra,Romania,0,2,QUAL_EURO,Home,0,0
2023-03-26,England,Ukraine,2,0,QUAL_EURO,Home,0,0
2023-03-26,Malta,Italy,0,2,QUAL_EURO,Home,0,0
2023-03-26,Slovenia,San Marino,2,0,QUAL_EURO,Home,0,0
2023-03-26,Kazakhstan,Denmark,3,2,QUAL_EURO,Home,0,0
2023-03-26,Northern Ireland,Finland,0,1,QUAL_EURO,Home,0,0
2023-03-26,Liechtenstein,Iceland,0,7,QUAL_EURO,Home,0,0
2023-03-26,Luxembourg,Portugal,0,6,QUAL_EURO,Home,0,0
2023-03-26,Slovakia,Bosnia and Herzegovina,2,0,QUAL_EURO,Home,0,0
2023-03-27,Republic of Ireland,France,0,1,QUAL_EURO,Home,0,0
2023-03-27,Netherlands,Gibraltar,3,0,QUAL_EURO,Home,0,0
2023-03-27,Poland,Albania,1,0,QUAL_EURO,Home,0,0
2023-03-27,Moldova,Czech Republic,0,0,QUAL_EURO,Home,0,0
2023-03-27,Austria,Estonia,2,1,QUAL_EURO,Home,0,0
2023-03-27,Sweden,Azerbaijan,5,0,QUAL_EURO,Home,0,0
2023-03-27,Hungary,Bulgaria,3,0,QUAL_EURO,Home,0,0
2023-03-27,Montenegro,Serbia,0,2,QUAL_EURO,Home,0,0
2023-03-28,Scotland,Spain,2,0,QUAL_EURO,Home,0,0
2023-03-28,Georgia,Norway,1,1,QUAL_EURO,Home,0,0
2023-03-28,Wales,Latvia,1,0,QUAL_EURO,Home,0,0
2023-03-28,Turkey,Croatia,0,2,QUAL_EURO,Home,0,0
2023-03-28,Kosovo,Andorra,1,1,QUAL_EURO,Home,0,0
2023-03-28,Switzerland,Israel,3,0,QUAL_EURO,Home,0,0
2023-03-28,Romania,Belarus,2,1,QUAL_EURO,Home,0,0
2023-06-14,Netherlands,Croatia,2,4,NL_B,Home,0,0
2023-06-15,Spain,Italy,2,1,NL_B,Neutral,0,0
2023-06-16,Gibraltar,France,0,3,QUAL_EURO,Neutral,0,0
2023-06-16,Greece,Republic of Ireland,2,1,QUAL_EURO,Home,0,0
2023-06-16,Malta,England,0,4,QUAL_EURO,Home,0,0
2023-06-16,North Macedonia,Ukraine,2,3,QUAL_EURO,Home,0,0
2023-06-16,Wales,Armenia,2,4,QUAL_EURO,Home,0,0
2023-06-16,Latvia,Turkey,2,3,QUAL_EURO,Home,0,0
2023-06-16,Finland,Slovenia,2,0,QUAL_EURO,Home,0,0
2023-06-16,Denmark,Northern Ireland,1,0,QUAL_EURO,Home,0,0
2023-06-16,San Marino,Kazakhstan,0,3,QUAL_EURO,Neutral,0,0
2023-06-16,Andorra,Switzerland,1,2,QUAL_EURO,Home,0,0
2023-06-16,Belarus,Israel,1,2,QUAL_EURO,Neutral,0,0
2023-06-16,Kosovo,Romania,0,0,QUAL_EURO,Home,0,0
2023-06-17,Norway,Scotland,1,2,QUAL_EURO,Home,0,0
2023-06-17,Cyprus,Georgia,1,2,QUAL_EURO,Home,0,0
2023-06-17,Faroe Islands,Czech Republic,0,3,QUAL_EURO,Home,0,0
2023-06-17,Albania,Moldova,2,0,QUAL_EURO,Home,0,0
2023-06-17,Azerbaijan,Estonia,1,1,QUAL_EURO,Home,0,0
2023-06-17,Belgium,Austria,1,1,QUAL_EURO,Home,0,0
2023-06-17,Lithuania,Bulgaria,1,1,QUAL_EURO,Home,0,0
2023-06-17,Montenegro,Hungary,0,0,QUAL_EURO,Home,0,0
2023-06-17,Luxembourg,Liechtenstein,2,0,QUAL_EURO,Home,0,0
2023-06-17,Iceland,Slovakia,1,2,QUAL_EURO,Home,0,0
2023-06-17,Portugal,Bosnia and Herzegovina,3,0,QUAL_EURO,Home,0,0
2023-06-18,Netherlands,Italy,2,3,NL_B,Home,0,0
2023-06-18,Croatia,Spain,0,0,NL_B,Neutral,0,0
2023-06-19,Republic of Ireland,Gibraltar,3,0,QUAL_EURO,Home,0,0
2023-06-19,France,Greece,1,0,QUAL_EURO,Home,0,0
2023-06-19,Ukraine,Malta,1,0,QUAL_EURO,Neutral,0,0
2023-06-19,England,North Macedonia,7,0,QUAL_EURO,Home,0,0
2023-06-19,Armenia,Latvia,2,1,QUAL_EURO,Home,0,0
2023-06-19,Turkey,Wales,2,0,QUAL_EURO,Home,0,0
2023-06-19,Finland,San Marino,6,0,QUAL_EURO,Home,0,0
2023-06-19,Northern Ireland,Kazakhstan,0,1,QUAL_EURO,Home,0,0
2023-06-19,Slovenia,Denmark,1,1,QUAL_EURO,Home,0,0
2023-06-19,Belarus,Kosovo,2,1,QUAL_EURO,Neutral,0,0
2023-06-19,Switzerland,Romania,2,2,QUAL_EURO,Home,0,0
2023-06-19,Israel,Andorra,2,1,QUAL_EURO,Home,0,0
2023-06-20,Scotland,Georgia,2,0,QUAL_EURO,Home,0,0
2023-06-20,Norway,Cyprus,3,1,QUAL_EURO,Home,0,0
2023-06-20,Faroe Islands,Albania,1,3,QUAL_EURO,Home,0,0
2023-06-20,Moldova,Poland,3,2,QUAL_EURO,Home,0,0
2023-06-20,Austria,Sweden,2,0,QUAL_EURO,Home,0,0
2023-06-20,Estonia,Belgium,0,3,QUAL_EURO,Home,0,0
2023-06-20,Hungary,Lithuania,2,0,QUAL_EURO,Home,0,0
2023-06-20,Bulgaria,Serbia,1,1,QUAL_EURO,Home,0,0
2023-06-20,Iceland,Portugal,0,1,QUAL_EURO,Home,0,0
2023-06-20,Bosnia and Herzegovina,Luxembourg,0,2,QUAL_EURO,Home,0,0
2023-06-20,Liechtenstein,Slovakia,0,1,QUAL_EURO,Home,0,0
2023-09-07,France,Republic of Ireland,2,0,QUAL_EURO,Home,0,0
2023-09-07,Netherlands,Greece,3,0,QUAL_EURO,Home,0,0
2023-09-07,Czech Republic,Albania,1,1,QUAL_EURO,Home,0,0
2023-09-07,Poland,Faroe Islands,2,0,QUAL_EURO,Home,0,0
2023-09-07,Serbia,Hungary,1,2,QUAL_EURO,Home,0,0
2023-09-07,Lithuania,Montenegro,2,2,QUAL_EURO,Home,0,0
2023-09-07,Kazakhstan,Finland,0,1,QUAL_EURO,Home,0,0
2023-09-07,Denmark,San Marino,4,0,QUAL_EURO,Home,0,0
2023-09-07,Slovenia,Northern Ireland,4,2,QUAL_EURO,Home,0,0
2023-09-08,Georgia,Spain,1,7,QUAL_EURO,Home,0,0
2023-09-08,Cyprus,Scotland,0,3,QUAL_EURO,Home,0,0
2023-09-08,Croatia,Latvia,5,0,QUAL_EURO,Home,0,0
2023-09-08,Turkey,Armenia,1,1,QUAL_EURO,Home,0,0
2023-09-08,Bosnia and Herzegovina,Liechtenstein,2,1,QUAL_EURO,Home,0,0
2023-09-08,Luxembourg,Iceland,3,1,QUAL_EURO,Home,0,0
2023-09-08,Slovakia,Portugal,0,1,QUAL_EURO,Home,0,0
2023-09-09,Ukraine,England,1,1,QUAL_EURO,Neutral,0,0
2023-09-09,North Macedonia,Italy,1,1,QUAL_EURO,Home,0,0
2023-09-09,Azerbaijan,Belgium,0,1,QUAL_EURO,Home,0,0
2023-09-09,Estonia,Sweden,0,5,QUAL_EURO,Home,0,0
2023-09-09,Andorra,Belarus,0,0,QUAL_EURO,Home,0,0
2023-09-09,Kosovo,Switzerland,2,2,QUAL_EURO,Home,0,0
2023-09-09,Romania,Israel,1,1,QUAL_EURO,Home,0,0
2023-09-10,Republic of Ireland,Netherlands,1,2,QUAL_EURO,Home,0,0
2023-09-10,Greece,Gibraltar,5,0,QUAL_EURO,Home,0,0
2023-09-10,Faroe Islands,Moldova,0,1,QUAL_EURO,Home,0,0
2023-09-10,Albania,Poland,2,0,QUAL_EURO,Home,0,0
2023-09-10,Montenegro,Bulgaria,2,1,QUAL_EURO,Home,0,0
2023-09-10,Lithuania,Serbia,1,3,QUAL_EURO,Home,0,0
2023-09-10,Finland,Denmark,0,1,QUAL_EURO,Home,0,0
2023-09-10,Kazakhstan,Northern Ireland,1,0,QUAL_EURO,Home,0,0
2023-09-10,San Marino,Slovenia,0,4,QUAL_EURO,Home,0,0
2023-09-11,Armenia,Croatia,0,1,QUAL_EURO,Home,0,0
2023-09-11,Latvia,Wales,0,2,QUAL_EURO,Home,0,0
2023-09-11,Iceland,Bosnia and Herzegovina,1,0,QUAL_EURO,Home,0,0
2023-09-11,Portugal,Luxembourg,9,0,QUAL_EURO,Home,0,0
2023-09-11,Slovakia,Liechtenstein,3,0,QUAL_EURO,Home,0,0
2023-09-12,Norway,Georgia,2,1,QUAL_EURO,Home,0,0
2023-09-12,Spain,Cyprus,6,0,QUAL_EURO,Home,0,0
2023-09-12,Italy,Ukraine,2,1,QUAL_EURO,Home,0,0
2023-09-12,Malta,North Macedonia,0,2,QUAL_EURO,Home,0,0
2023-09-12,Belgium,Estonia,5,0,QUAL_EURO,Home,0,0
2023-09-12,Sweden,Austria,1,3,QUAL_EURO,Home,0,0
2023-09-12,Switzerland,Andorra,3,0,QUAL_EURO,Home,0,0
2023-09-12,Israel,Belarus,1,0,QUAL_EURO,Home,0,0
2023-09-12,Romania,Kosovo,2,0,QUAL_EURO,Home,0,0
2023-10-12,Spain,Scotland,2,0,QUAL_EURO,Home,0,0
2023-10-12,Cyprus,Norway,0,4,QUAL_EURO,Home,0,0
2023-10-12,Latvia,Armenia,2,0,QUAL_EURO,Home,0,0
2023-10-12,Croatia,Turkey,0,1,QUAL_EURO,Home,0,0
2023-10-12,Faroe Islands,Poland,0,2,QUAL_EURO,Home,0,0
2023-10-12,Albania,Czech Republic,3,0,QUAL_EURO,Home,0,0
2023-10-12,Andorra,Kosovo,0,3,QUAL_EURO,Home,0,0
2023-10-12,Belarus,Romania,0,0,QUAL_EURO,Neutral,0,0
2023-10-13,Republic of Ireland,Greece,0,2,QUAL_EURO,Home,0,0
2023-10-13,Netherlands,France,1,2,QUAL_EURO,Home,0,0
2023-10-13,Estonia,Azerbaijan,0,2,QUAL_EURO,Home,0,0
2023-10-13,Austria,Belgium,2,3,QUAL_EURO,Home,0,0
2023-10-13,Iceland,Luxembourg,1,1,QUAL_EURO,Home,0,0
2023-10-13,Portugal,Slovakia,3,2,QUAL_EURO,Home,0,0
2023-10-13,Liechtenstein,Bosnia and Herzegovina,0,2,QUAL_EURO,Home,0,0
2023-10-14,Ukraine,North Macedonia,2,0,QUAL_EURO,Neutral,0,0
2023-10-14,Italy,Malta,4,0,QUAL_EURO,Home,0,0
2023-10-14,Bulgaria,Lithuania,0,2,QUAL_EURO,Home,0,0
2023-10-14,Hungary,Serbia,2,1,QUAL_EURO,Home,0,0
2023-10-14,Northern Ireland,San Marino,3,0,QUAL_EURO,Home,0,0
2023-10-14,Slovenia,Finland,3,0,QUAL_EURO,Home,0,0
2023-10-14,Denmark,Kazakhstan,3,1,QUAL_EURO,Home,0,0
2023-10-15,Georgia,Cyprus,4,0,QUAL_EURO,Home,0,0
2023-10-15,Norway,Spain,0,1,QUAL_EURO,Home,0,0
2023-10-15,Wales,Croatia,2,1,QUAL_EURO,Home,0,0
2023-10-15,Turkey,Latvia,4,0,QUAL_EURO,Home,0,0
2023-10-15,Czech Republic,Faroe Islands,1,0,QUAL_EURO,Home,0,0
2023-10-15,Poland,Moldova,1,1,QUAL_EURO,Home,0,0
2023-10-15,Switzerland,Belarus,3,3,QUAL_EURO,Home,0,0
2023-10-15,Romania,Andorra,4,0,QUAL_EURO,Home,0,0
2023-10-16,Gibraltar,Republic of Ireland,0,4,QUAL_EURO,Neutral,0,0
2023-10-16,Greece,Netherlands,0,1,QUAL_EURO,Home,0,0
2023-10-16,Azerbaijan,Austria,0,1,QUAL_EURO,Home,0,0
2023-10-16,Belgium,Sweden,1,1,QUAL_EURO,Home,0,0
2023-10-16,Iceland,Liechtenstein,4,0,QUAL_EURO,Home,0,0
2023-10-16,Bosnia and Herzegovina,Portugal,0,5,QUAL_EURO,Home,0,0
2023-10-16,Luxembourg,Slovakia,0,1,QUAL_EURO,Home,0,0
2023-10-17,England,Italy,3,1,QUAL_EURO,Home,0,0
2023-10-17,Malta,Ukraine,1,3,QUAL_EURO,Home,0,0
2023-10-17,Serbia,Montenegro,3,1,QUAL_EURO,Home,0,0
2023-10-17,Lithuania,Hungary,2,2,QUAL_EURO,Home,0,0
2023-10-17,Finland,Kazakhstan,1,2,QUAL_EURO,Home,0,0
2023-10-17,Northern Ireland,Slovenia,0,1,QUAL_EURO,Home,0,0
2023-10-17,San Marino,Denmark,1,2,QUAL_EURO,Home,0,0
2023-11-12,Kosovo,Israel,1,0,QUAL_EURO,Home,0,0
2023-11-15,Israel,Switzerland,1,1,QUAL_EURO,Neutral,0,0
2023-11-16,Cyprus,Spain,1,3,QUAL_EURO,Home,0,0
2023-11-16,Georgia,Scotland,2,2,QUAL_EURO,Home,0,0
2023-11-16,Estonia,Austria,0,2,QUAL_EURO,Home,0,0
2023-11-16,Azerbaijan,Sweden,3,0,QUAL_EURO,Home,0,0
2023-11-16,Bulgaria,Hungary,2,2,QUAL_EURO,Home,0,0
2023-11-16,Montenegro,Lithuania,2,0,QUAL_EURO,Home,0,0
2023-11-16,Liechtenstein,Portugal,0,2,QUAL_EURO,Home,0,0
2023-11-16,Luxembourg,Bosnia and Herzegovina,4,1,QUAL_EURO,Home,0,0
2023-11-16,Slovakia,Iceland,4,2,QUAL_EURO,Home,0,0
2023-11-17,England,Malta,2,0,QUAL_EURO,Home,0,0
2023-11-17,Italy,North Macedonia,5,2,QUAL_EURO,Home,0,0
2023-11-17,Moldova,Albania,1,1,QUAL_EURO,Home,0,0
2023-11-17,Poland,Czech Republic,1,1,QUAL_EURO,Home,0,0
2023-11-17,Finland,Northern Ireland,4,0,QUAL_EURO,Home,0,0
2023-11-17,Denmark,Slovenia,2,1,QUAL_EURO,Home,0,0
2023-11-17,Kazakhstan,San Marino,3,1,QUAL_EURO,Home,0,0
2023-11-18,France,Gibraltar,14,0,QUAL_EURO,Home,0,0
2023-11-18,Netherlands,Republic of Ireland,1,0,QUAL_EURO,Home,0,0
2023-11-18,Armenia,Wales,1,1,QUAL_EURO,Home,0,0
2023-11-18,Latvia,Croatia,0,2,QUAL_EURO,Home,0,0
2023-11-18,Belarus,Andorra,1,0,QUAL_EURO,Neutral,0,0
2023-11-18,Switzerland,Kosovo,1,1,QUAL_EURO,Home,0,0
2023-11-18,Israel,Romania,1,2,QUAL_EURO,Neutral,0,0
2023-11-19,Scotland,Norway,3,3,QUAL_EURO,Home,0,0
2023-11-19,Spain,Georgia,3,1,QUAL_EURO,Home,0,0
2023-11-19,Belgium,Azerbaijan,5,0,QUAL_EURO,Home,0,0
2023-11-19,Sweden,Estonia,2,0,QUAL_EURO,Home,0,0
2023-11-19,Hungary,Montenegro,3,1,QUAL_EURO,Home,0,0
2023-11-19,Serbia,Bulgaria,2,2,QUAL_EURO,Home,0,0
2023-11-19,Portugal,Iceland,2,0,QUAL_EURO,Home,0,0
2023-11-19,Bosnia and Herzegovina,Slovakia,1,2,QUAL_EURO,Home,0,0
2023-11-19,Liechtenstein,Luxembourg,0,1,QUAL_EURO,Home,0,0
2023-11-20,North Macedonia,England,1,1,QUAL_EURO,Home,0,0
2023-11-20,Ukraine,Italy,0,0,QUAL_EURO,Neutral,0,0
2023-11-20,Albania,Faroe Islands,0,0,QUAL_EURO,Home,0,0
2023-11-20,Czech Republic,Moldova,3,0,QUAL_EURO,Home,0,0
2023-11-20,Northern Ireland,Denmark,2,0,QUAL_EURO,Home,0,0
2023-11-20,San Marino,Finland,1,2,QUAL_EURO,Home,0,0
2023-11-20,Slovenia,Kazakhstan,2,1,QUAL_EURO,Home,0,0
2023-11-21,Gibraltar,Netherlands,0,6,QUAL_EURO,Neutral,0,0
2023-11-21,Greece,France,2,2,QUAL_EURO,Home,0,0
2023-11-21,Wales,Turkey,1,1,QUAL_EURO,Home,0,0
2023-11-21,Croatia,Armenia,1,0,QUAL_EURO,Home,0,0
2023-11-21,Andorra,Israel,0,2,QUAL_EURO,Home,0,0
2023-11-21,Kosovo,Belarus,0,1,QUAL_EURO,Home,0,0
2023-11-21,Romania,Switzerland,1,0,QUAL_EURO,Home,0,0
2024-03-21,Gibraltar,Lithuania,0,1,NL_B,Neutral,0,0
2024-03-21,Poland,Estonia,5,1,QUAL_EURO,Home,0,0
2024-03-21,Wales,Finland,4,1,QUAL_EURO,Home,0,0
2024-03-21,Israel,Iceland,1,4,QUAL_EURO,Neutral,0,0
2024-03-21,Bosnia and Herzegovina,Ukraine,1,2,QUAL_EURO,Home,0,0
2024-03-21,Georgia,Luxembourg,2,0,QUAL_EURO,Home,0,0
2024-03-21,Greece,Kazakhstan,5,0,QUAL_EURO,Home,0,0
2024-03-26,Lithuania,Gibraltar,1,0,NL_B,Home,0,0
2024-03-26,Wales,Poland,0,0,QUAL_EURO,Home,0,0
2024-03-26,Ukraine,Iceland,2,1,QUAL_EURO,Neutral,0,0
2024-03-26,Georgia,Greece,0,0,QUAL_EURO,Home,0,0
2024-06-14,Germany,Scotland,5,1,EURO_FIN,Home,0,0
2024-06-15,Hungary,Switzerland,1,3,EURO_FIN,Neutral,0,0
2024-06-15,Spain,Croatia,3,0,EURO_FIN,Neutral,0,0
2024-06-15,Italy,Albania,2,1,EURO_FIN,Neutral,0,0
2024-06-16,Slovenia,Denmark,1,1,EURO_FIN,Neutral,0,0
2024-06-16,Serbia,England,0,1,EURO_FIN,Neutral,0,0
2024-06-16,Poland,Netherlands,1,2,EURO_FIN,Neutral,0,0
2024-06-17,Austria,France,0,1,EURO_FIN,Neutral,0,0
2024-06-17,Romania,Ukraine,3,0,EURO_FIN,Neutral,0,0
2024-06-17,Belgium,Slovakia,0,1,EURO_FIN,Neutral,0,0
2024-06-18,Turkey,Georgia,3,1,EURO_FIN,Neutral,0,0
2024-06-18,Portugal,Czech Republic,2,1,EURO_FIN,Neutral,0,0
2024-06-19,Germany,Hungary,2,0,EURO_FIN,Home,0,0
2024-06-19,Scotland,Switzerland,1,1,EURO_FIN,Neutral,0,0
2024-06-19,Croatia,Albania,2,2,EURO_FIN,Neutral,0,0
2024-06-20,Spain,Italy,1,0,EURO_FIN,Neutral,0,0
2024-06-20,Slovenia,Serbia,1,1,EURO_FIN,Neutral,0,0
2024-06-20,Denmark,England,1,1,EURO_FIN,Neutral,0,0
2024-06-21,Poland,Austria,1,3,EURO_FIN,Neutral,0,0
2024-06-21,Netherlands,France,0,0,EURO_FIN,Neutral,0,0
2024-06-21,Slovakia,Ukraine,1,2,EURO_FIN,Neutral,0,0
2024-06-22,Belgium,Romania,2,0,EURO_FIN,Neutral,0,0
2024-06-22,Georgia,Czech Republic,1,1,EURO_FIN,Neutral,0,0
2024-06-22,Turkey,Portugal,0,3,EURO_FIN,Neutral,0,0
2024-06-23,Germany,Switzerland,1,1,EURO_FIN,Home,0,0
2024-06-23,Scotland,Hungary,0,1,EURO_FIN,Neutral,0,0
2024-06-24,Albania,Spain,0,1,EURO_FIN,Neutral,0,0
2024-06-24,Croatia,Italy,1,1,EURO_FIN,Neutral,0,0
2024-06-25,England,Slovenia,0,0,EURO_FIN,Neutral,0,0
2024-06-25,Denmark,Serbia,0,0,EURO_FIN,Neutral,0,0
2024-06-25,Netherlands,Austria,2,3,EURO_FIN,Neutral,0,0
2024-06-25,France,Poland,1,1,EURO_FIN,Neutral,0,0
2024-06-26,Slovakia,Romania,1,1,EURO_FIN,Neutral,0,0
2024-06-26,Ukraine,Belgium,0,0,EURO_FIN,Neutral,0,0
2024-06-26,Georgia,Portugal,2,0,EURO_FIN,Neutral,0,0
2024-06-26,Czech Republic,Turkey,1,2,EURO_FIN,Neutral,0,0
2024-06-29,Switzerland,Italy,2,0,EURO_FIN,Neutral,0,0
2024-06-29,Germany,Denmark,2,0,EURO_FIN,Home,0,0
2024-06-30,England,Slovakia,2,1,EURO_FIN,Neutral,0,0
2024-06-30,Spain,Georgia,4,1,EURO_FIN,Neutral,0,0
2024-07-01,France,Belgium,1,0,EURO_FIN,Neutral,0,0
2024-07-01,Portugal,Slovenia,0,0,EURO_FIN,Neutral,0,0
2024-07-02,Romania,Netherlands,0,3,EURO_FIN,Neutral,0,0
2024-07-02,Austria,Turkey,1,2,EURO_FIN,Neutral,0,0
2024-07-05,Germany,Spain,1,2,EURO_FIN,Home,0,0
2024-07-05,Portugal,France,0,0,EURO_FIN,Neutral,0,0
2024-07-06,England,Switzerland,1,1,EURO_FIN,Neutral,0,0
2024-07-06,Netherlands,Turkey,2,1,EURO_FIN,Neutral,0,0
2024-07-09,Spain,France,2,1,EURO_FIN,Neutral,0,0
2024-07-10,Netherlands,England,1,2,EURO_FIN,Neutral,0,0
2024-07-14,Spain,England,2,1,EURO_FIN,Neutral,0,0
2024-09-05,Portugal,Croatia,2,1,NL_B,Home,0,0
2024-09-05,Scotland,Poland,2,3,NL_B,Home,0,0
2024-09-05,Denmark,Switzerland,2,0,NL_B,Home,0,0
2024-09-05,Serbia,Spain,0,0,NL_B,Home,0,0
2024-09-05,Azerbaijan,Sweden,1,3,NL_B,Home,0,0
2024-09-05,Estonia,Slovakia,0,1,NL_B,Home,0,0
2024-09-05,Northern Ireland,Luxembourg,2,0,NL_B,Home,0,0
2024-09-05,Belarus,Bulgaria,0,0,NL_B,Neutral,0,0
2024-09-05,San Marino,Liechtenstein,1,0,NL_B,Home,0,0
2024-09-06,Belgium,Israel,3,1,NL_B,Neutral,0,0
2024-09-06,France,Italy,1,3,NL_B,Home,0,0
2024-09-06,Kazakhstan,Norway,0,0,NL_B,Home,0,0
2024-09-06,Slovenia,Austria,1,1,NL_B,Home,0,0
2024-09-06,Iceland,Montenegro,2,0,NL_B,Home,0,0
2024-09-06,Wales,Turkey,0,0,NL_B,Home,0,0
2024-09-06,Kosovo,Romania,0,3,NL_B,Home,0,0
2024-09-06,Lithuania,Cyprus,0,1,NL_B,Home,0,0
2024-09-07,Germany,Hungary,5,0,NL_B,Home,0,0
2024-09-07,Netherlands,Bosnia and Herzegovina,5,2,NL_B,Home,0,0
2024-09-07,Georgia,Czech Republic,4,1,NL_B,Home,0,0
2024-09-07,Ukraine,Albania,1,2,NL_B,Neutral,0,0
2024-09-07,Republic of Ireland,England,0,2,NL_B,Home,0,0
2024-09-07,Greece,Finland,3,0,NL_B,Home,0,0
2024-09-07,Faroe Islands,North Macedonia,1,1,NL_B,Home,0,0
2024-09-07,Armenia,Latvia,4,1,NL_B,Home,0,0
2024-09-07,Moldova,Malta,2,0,NL_B,Home,0,0
2024-09-08,Portugal,Scotland,2,1,NL_B,Home,0,0
2024-09-08,Croatia,Poland,1,0,NL_B,Home,0,0
2024-09-08,Denmark,Serbia,2,0,NL_B,Home,0,0
2024-09-08,Switzerland,Spain,1,4,NL_B,Home,0,0
2024-09-08,Slovakia,Azerbaijan,2,0,NL_B,Home,0,0
2024-09-08,Sweden,Estonia,3,0,NL_B,Home,0,0
2024-09-08,Luxembourg,Belarus,0,1,NL_B,Home,0,0
2024-09-08,Bulgaria,Northern Ireland,1,0,NL_B,Home,0,0
2024-09-08,Gibraltar,Liechtenstein,2,2,NL_B,Home,0,0
2024-09-09,France,Belgium,2,0,NL_B,Home,0,0
2024-09-09,Israel,Italy,1,2,NL_B,Neutral,0,0
2024-09-09,Norway,Austria,2,1,NL_B,Home,0,0
2024-09-09,Slovenia,Kazakhstan,3,0,NL_B,Home,0,0
2024-09-09,Montenegro,Wales,1,2,NL_B,Home,0,0
2024-09-09,Turkey,Iceland,3,1,NL_B,Home,0,0
2024-09-09,Cyprus,Kosovo,0,4,NL_B,Home,0,0
2024-09-09,Romania,Lithuania,3,1,NL_B,Home,0,0
2024-09-10,Hungary,Bosnia and Herzegovina,0,0,NL_B,Home,0,0
2024-09-10,Netherlands,Germany,2,2,NL_B,Home,0,0
2024-09-10,Albania,Georgia,0,1,NL_B,Home,0,0
2024-09-10,Czech Republic,Ukraine,3,2,NL_B,Home,0,0
2024-09-10,England,Finland,2,0,NL_B,Home,0,0
2024-09-10,Republic of Ireland,Greece,0,2,NL_B,Home,0,0
2024-09-10,Latvia,Faroe Islands,1,0,NL_B,Home,0,0
2024-09-10,North Macedonia,Armenia,2,0,NL_B,Home,0,0
2024-09-10,Andorra,Malta,0,1,NL_B,Home,0,0
2024-10-10,Israel,France,1,4,NL_B,Neutral,0,0
2024-10-10,Italy,Belgium,2,2,NL_B,Home,0,0
2024-10-10,England,Greece,1,2,NL_B,Home,0,0
2024-10-10,Finland,Republic of Ireland,1,2,NL_B,Home,0,0
2024-10-10,Austria,Kazakhstan,4,0,NL_B,Home,0,0
2024-10-10,Norway,Slovenia,3,0,NL_B,Home,0,0
2024-10-10,Latvia,North Macedonia,0,3,NL_B,Home,0,0
2024-10-10,Faroe Islands,Armenia,2,2,NL_B,Home,0,0
2024-10-10,Gibraltar,San Marino,1,0,NL_B,Home,0,0
2024-10-10,Moldova,Andorra,2,0,NL_B,Home,0,0
2024-10-11,Bosnia and Herzegovina,Germany,1,2,NL_B,Home,0,0
2024-10-11,Hungary,Netherlands,1,1,NL_B,Home,0,0
2024-10-11,Czech Republic,Albania,2,0,NL_B,Home,0,0
2024-10-11,Ukraine,Georgia,1,0,NL_B,Neutral,0,0
2024-10-11,Iceland,Wales,2,2,NL_B,Home,0,0
2024-10-11,Turkey,Montenegro,1,0,NL_B,Home,0,0
2024-10-11,Estonia,Azerbaijan,3,1,NL_B,Home,0,0
2024-10-11,Slovakia,Sweden,2,2,NL_B,Home,0,0
2024-10-12,Croatia,Scotland,2,1,NL_B,Home,0,0
2024-10-12,Poland,Portugal,1,3,NL_B,Home,0,0
2024-10-12,Serbia,Switzerland,2,0,NL_B,Home,0,0
2024-10-12,Spain,Denmark,1,0,NL_B,Home,0,0
2024-10-12,Lithuania,Kosovo,1,2,NL_B,Home,0,0
2024-10-12,Cyprus,Romania,0,3,NL_B,Home,0,0
2024-10-12,Bulgaria,Luxembourg,0,0,NL_B,Home,0,0
2024-10-12,Belarus,Northern Ireland,0,0,NL_B,Neutral,0,0
2024-10-13,Finland,England,1,3,NL_B,Home,0,0
2024-10-13,Greece,Republic of Ireland,2,0,NL_B,Home,0,0
2024-10-13,Kazakhstan,Slovenia,0,1,NL_B,Home,0,0
2024-10-13,Austria,Norway,5,1,NL_B,Home,0,0
2024-10-13,Faroe Islands,Latvia,1,1,NL_B,Home,0,0
2024-10-13,Armenia,North Macedonia,0,2,NL_B,Home,0,0
2024-10-13,Liechtenstein,Gibraltar,0,0,NL_B,Home,0,0
2024-10-13,Malta,Moldova,1,0,NL_B,Home,0,0
2024-10-14,Belgium,France,1,2,NL_B,Home,0,0
2024-10-14,Italy,Israel,4,1,NL_B,Home,0,0
2024-10-14,Bosnia and Herzegovina,Hungary,0,2,NL_B,Home,0,0
2024-10-14,Germany,Netherlands,1,0,NL_B,Home,0,0
2024-10-14,Georgia,Albania,0,1,NL_B,Home,0,0
2024-10-14,Ukraine,Czech Republic,1,1,NL_B,Neutral,0,0
2024-10-14,Iceland,Turkey,2,4,NL_B,Home,0,0
2024-10-14,Wales,Montenegro,1,0,NL_B,Home,0,0
2024-10-14,Azerbaijan,Slovakia,1,3,NL_B,Home,0,0
2024-10-14,Estonia,Sweden,0,3,NL_B,Home,0,0
2024-10-15,Scotland,Portugal,0,0,NL_B,Home,0,0
2024-10-15,Poland,Croatia,3,3,NL_B,Home,0,0
2024-10-15,Spain,Serbia,3,0,NL_B,Home,0,0
2024-10-15,Switzerland,Denmark,2,2,NL_B,Home,0,0
2024-10-15,Kosovo,Cyprus,3,0,NL_B,Home,0,0
2024-10-15,Lithuania,Romania,1,2,NL_B,Home,0,0
2024-10-15,Northern Ireland,Bulgaria,5,0,NL_B,Home,0,0
2024-10-15,Belarus,Luxembourg,1,1,NL_B,Neutral,0,0
2024-11-14,Belgium,Italy,0,1,NL_B,Home,0,0
2024-11-14,France,Israel,0,0,NL_B,Home,0,0
2024-11-14,Republic of Ireland,Finland,1,0,NL_B,Home,0,0
2024-11-14,Greece,England,0,3,NL_B,Home,0,0
2024-11-14,Kazakhstan,Austria,0,2,NL_B,Home,0,0
2024-11-14,Slovenia,Norway,1,4,NL_B,Home,0,0
2024-11-14,North Macedonia,Latvia,1,0,NL_B,Home,0,0
2024-11-14,Armenia,Faroe Islands,0,1,NL_B,Home,0,0
2024-11-15,Portugal,Poland,5,1,NL_B,Home,0,0
2024-11-15,Scotland,Croatia,1,0,NL_B,Home,0,0
2024-11-15,Denmark,Spain,1,2,NL_B,Home,0,0
2024-11-15,Switzerland,Serbia,1,1,NL_B,Home,0,0
2024-11-15,Cyprus,Lithuania,2,1,NL_B,Home,0,0
2024-11-15,Romania,Kosovo,0,0,NL_B,Home,0,0
2024-11-15,Northern Ireland,Belarus,2,0,NL_B,Home,0,0
2024-11-15,Luxembourg,Bulgaria,0,1,NL_B,Home,0,0
2024-11-15,San Marino,Gibraltar,1,1,NL_B,Home,0,0
2024-11-16,Germany,Bosnia and Herzegovina,7,0,NL_B,Home,0,0
2024-11-16,Netherlands,Hungary,4,0,NL_B,Home,0,0
2024-11-16,Albania,Czech Republic,0,0,NL_B,Home,0,0
2024-11-16,Georgia,Ukraine,1,1,NL_B,Home,0,0
2024-11-16,Montenegro,Iceland,0,2,NL_B,Home,0,0
2024-11-16,Turkey,Wales,0,0,NL_B,Home,0,0
2024-11-16,Azerbaijan,Estonia,0,0,NL_B,Home,0,0
2024-11-16,Sweden,Slovakia,2,1,NL_B,Home,0,0
2024-11-16,Andorra,Moldova,0,1,NL_B,Home,0,0
2024-11-17,Israel,Belgium,1,0,NL_B,Neutral,0,0
2024-11-17,Italy,France,1,3,NL_B,Home,0,0
2024-11-17,England,Republic of Ireland,5,0,NL_B,Home,0,0
2024-11-17,Finland,Greece,0,2,NL_B,Home,0,0
2024-11-17,Norway,Kazakhstan,5,0,NL_B,Home,0,0
2024-11-17,Austria,Slovenia,1,1,NL_B,Home,0,0
2024-11-17,North Macedonia,Faroe Islands,1,0,NL_B,Home,0,0
2024-11-17,Latvia,Armenia,1,2,NL_B,Home,0,0
2024-11-18,Croatia,Portugal,1,1,NL_B,Home,0,0
2024-11-18,Poland,Scotland,1,2,NL_B,Home,0,0
2024-11-18,Serbia,Denmark,0,0,NL_B,Home,0,0
2024-11-18,Spain,Switzerland,3,2,NL_B,Home,0,0
2024-11-18,Kosovo,Lithuania,1,0,NL_B,Home,0,0
2024-11-18,Romania,Cyprus,4,1,NL_B,Home,0,0
2024-11-18,Luxembourg,Northern Ireland,2,2,NL_B,Home,0,0
2024-11-18,Bulgaria,Belarus,1,1,NL_B,Home,0,0
2024-11-18,Liechtenstein,San Marino,1,3,NL_B,Home,0,0
2024-11-19,Bosnia and Herzegovina,Netherlands,1,1,NL_B,Home,0,0
2024-11-19,Hungary,Germany,1,1,NL_B,Home,0,0
2024-11-19,Albania,Ukraine,1,2,NL_B,Home,0,0
2024-11-19,Czech Republic,Georgia,2,1,NL_B,Home,0,0
2024-11-19,Wales,Iceland,4,1,NL_B,Home,0,0
2024-11-19,Montenegro,Turkey,3,1,NL_B,Home,0,0
2024-11-19,Slovakia,Estonia,1,0,NL_B,Home,0,0
2024-11-19,Sweden,Azerbaijan,6,0,NL_B,Home,0,0
2024-11-19,Malta,Andorra,0,0,NL_B,Home,0,0
2025-03-20,Croatia,France,2,0,NL_B,Home,0,0
2025-03-20,Denmark,Portugal,1,0,NL_B,Home,0,0
2025-03-20,Italy,Germany,1,2,NL_B,Home,0,0
2025-03-20,Netherlands,Spain,2,2,NL_B,Home,0,0
2025-03-20,Austria,Serbia,1,1,NL_B,Home,0,0
2025-03-20,Greece,Scotland,0,1,NL_B,Home,0,0
2025-03-20,Turkey,Hungary,3,1,NL_B,Home,0,0
2025-03-20,Ukraine,Belgium,3,1,NL_B,Neutral,0,0
2025-03-20,Armenia,Georgia,0,3,NL_B,Home,0,0
2025-03-20,Bulgaria,Republic of Ireland,1,2,NL_B,Home,0,0
2025-03-20,Kosovo,Iceland,2,1,NL_B,Home,0,0
2025-03-20,Slovakia,Slovenia,0,0,NL_B,Home,0,0
2025-03-21,Malta,Finland,0,1,QUAL_WC,Home,0,0
2025-03-21,Poland,Lithuania,1,0,QUAL_WC,Home,0,0
2025-03-21,Cyprus,San Marino,2,0,QUAL_WC,Home,0,0
2025-03-21,Romania,Bosnia and Herzegovina,0,1,QUAL_WC,Home,0,0
2025-03-21,England,Albania,2,0,QUAL_WC,Home,0,0
2025-03-21,Andorra,Latvia,0,1,QUAL_WC,Home,0,0
2025-03-22,Moldova,Norway,0,5,QUAL_WC,Home,0,0
2025-03-22,Israel,Estonia,2,1,QUAL_WC,Neutral,0,0
2025-03-22,Liechtenstein,North Macedonia,0,3,QUAL_WC,Home,0,0
2025-03-22,Wales,Kazakhstan,3,1,QUAL_WC,Home,0,0
2025-03-22,Montenegro,Gibraltar,3,1,QUAL_WC,Home,0,0
2025-03-22,Czech Republic,Faroe Islands,2,1,QUAL_WC,Home,0,0
2025-03-23,France,Croatia,2,0,NL_B,Home,0,0
2025-03-23,Germany,Italy,3,3,NL_B,Home,0,0
2025-03-23,Portugal,Denmark,5,2,NL_B,Home,0,0
2025-03-23,Spain,Netherlands,3,3,NL_B,Home,0,0
2025-03-23,Belgium,Ukraine,3,0,NL_B,Home,0,0
2025-03-23,Hungary,Turkey,0,3,NL_B,Home,0,0
2025-03-23,Scotland,Greece,0,3,NL_B,Home,0,0
2025-03-23,Serbia,Austria,2,0,NL_B,Home,0,0
2025-03-23,Georgia,Armenia,6,1,NL_B,Home,0,0
2025-03-23,Iceland,Kosovo,1,3,NL_B,Neutral,0,0
2025-03-23,Republic of Ireland,Bulgaria,2,1,NL_B,Home,0,0
2025-03-23,Slovenia,Slovakia,1,0,NL_B,Home,0,0
2025-03-24,Lithuania,Finland,2,2,QUAL_WC,Home,0,0
2025-03-24,Poland,Malta,2,0,QUAL_WC,Home,0,0
2025-03-24,Bosnia and Herzegovina,Cyprus,2,1,QUAL_WC,Home,0,0
2025-03-24,San Marino,Romania,1,5,QUAL_WC,Home,0,0
2025-03-24,England,Latvia,3,0,QUAL_WC,Home,0,0
2025-03-24,Albania,Andorra,3,0,QUAL_WC,Home,0,0
2025-03-25,Moldova,Estonia,2,3,QUAL_WC,Home,0,0
2025-03-25,Israel,Norway,2,4,QUAL_WC,Neutral,0,0
2025-03-25,Liechtenstein,Kazakhstan,0,2,QUAL_WC,Home,0,0
2025-03-25,North Macedonia,Wales,1,1,QUAL_WC,Home,0,0
2025-03-25,Gibraltar,Czech Republic,0,4,QUAL_WC,Neutral,0,0
2025-03-25,Montenegro,Faroe Islands,1,0,QUAL_WC,Home,0,0
2025-06-04,Germany,Portugal,1,2,NL_B,Home,0,0
2025-06-05,Spain,France,5,4,NL_B,Neutral,0,0
2025-06-06,Norway,Italy,3,0,QUAL_WC,Home,0,0
2025-06-06,Estonia,Israel,1,3,QUAL_WC,Home,0,0
2025-06-06,Wales,Liechtenstein,3,0,QUAL_WC,Home,0,0
2025-06-06,North Macedonia,Belgium,1,1,QUAL_WC,Home,0,0
2025-06-06,Czech Republic,Montenegro,2,0,QUAL_WC,Home,0,0
2025-06-06,Gibraltar,Croatia,0,7,QUAL_WC,Neutral,0,0
2025-06-07,Malta,Lithuania,0,0,QUAL_WC,Home,0,0
2025-06-07,Finland,Netherlands,0,2,QUAL_WC,Home,0,0
2025-06-07,Bosnia and Herzegovina,San Marino,1,0,QUAL_WC,Home,0,0
2025-06-07,Austria,Romania,2,1,QUAL_WC,Home,0,0
2025-06-07,Andorra,England,0,1,QUAL_WC,Neutral,0,0
2025-06-07,Albania,Serbia,0,0,QUAL_WC,Home,0,0
2025-06-08,Germany,France,0,2,NL_B,Home,0,0
2025-06-08,Portugal,Spain,2,2,NL_B,Neutral,0,0
2025-06-09,Italy,Moldova,2,0,QUAL_WC,Home,0,0
2025-06-09,Estonia,Norway,0,1,QUAL_WC,Home,0,0
2025-06-09,Kazakhstan,North Macedonia,0,1,QUAL_WC,Home,0,0
2025-06-09,Belgium,Wales,4,3,QUAL_WC,Home,0,0
2025-06-09,Faroe Islands,Gibraltar,2,1,QUAL_WC,Home,0,0
2025-06-09,Croatia,Czech Republic,5,1,QUAL_WC,Home,0,0
2025-06-10,Netherlands,Malta,8,0,QUAL_WC,Home,0,0
2025-06-10,Finland,Poland,2,1,QUAL_WC,Home,0,0
2025-06-10,San Marino,Austria,0,4,QUAL_WC,Home,0,0
2025-06-10,Romania,Cyprus,2,0,QUAL_WC,Home,0,0
2025-06-10,Serbia,Andorra,3,0,QUAL_WC,Home,0,0
2025-06-10,Latvia,Albania,1,1,QUAL_WC,Home,0,0
2025-09-04,Luxembourg,Northern Ireland,1,3,QUAL_WC,Home,0,0
2025-09-04,Slovakia,Germany,2,0,QUAL_WC,Home,0,0
2025-09-04,Georgia,Turkey,2,3,QUAL_WC,Home,0,0
2025-09-04,Bulgaria,Spain,0,3,QUAL_WC,Home,0,0
2025-09-04,Lithuania,Malta,1,1,QUAL_WC,Home,0,0
2025-09-04,Netherlands,Poland,1,1,QUAL_WC,Home,0,0
2025-09-04,Kazakhstan,Wales,0,1,QUAL_WC,Home,0,0
2025-09-04,Liechtenstein,Belgium,0,6,QUAL_WC,Home,0,0
2025-09-05,Slovenia,Sweden,2,2,QUAL_WC,Home,0,0
2025-09-05,Switzerland,Kosovo,4,0,QUAL_WC,Home,0,0
2025-09-05,Denmark,Scotland,0,0,QUAL_WC,Home,0,0
2025-09-05,Greece,Belarus,5,1,QUAL_WC,Home,0,0
2025-09-05,Iceland,Azerbaijan,5,0,QUAL_WC,Home,0,0
2025-09-05,Ukraine,France,0,2,QUAL_WC,Neutral,0,0
2025-09-05,Italy,Estonia,5,0,QUAL_WC,Home,0,0
2025-09-05,Moldova,Israel,0,4,QUAL_WC,Home,0,0
2025-09-05,Faroe Islands,Croatia,0,1,QUAL_WC,Home,0,0
2025-09-05,Montenegro,Czech Republic,0,2,QUAL_WC,Home,0,0
2025-09-06,Republic of Ireland,Hungary,2,2,QUAL_WC,Home,0,0
2025-09-06,Armenia,Portugal,0,5,QUAL_WC,Home,0,0
2025-09-06,Austria,Cyprus,1,0,QUAL_WC,Home,0,0
2025-09-06,San Marino,Bosnia and Herzegovina,0,6,QUAL_WC,Home,0,0
2025-09-06,Latvia,Serbia,0,1,QUAL_WC,Home,0,0
2025-09-06,England,Andorra,2,0,QUAL_WC,Home,0,0
2025-09-07,Germany,Northern Ireland,3,1,QUAL_WC,Home,0,0
2025-09-07,Luxembourg,Slovakia,0,1,QUAL_WC,Home,0,0
2025-09-07,Georgia,Bulgaria,3,0,QUAL_WC,Home,0,0
2025-09-07,Turkey,Spain,0,6,QUAL_WC,Home,0,0
2025-09-07,Lithuania,Netherlands,2,3,QUAL_WC,Home,0,0
2025-09-07,Poland,Finland,3,1,QUAL_WC,Home,0,0
2025-09-07,North Macedonia,Liechtenstein,5,0,QUAL_WC,Home,0,0
2025-09-07,Belgium,Kazakhstan,6,0,QUAL_WC,Home,0,0
2025-09-08,Kosovo,Sweden,2,0,QUAL_WC,Home,0,0
2025-09-08,Switzerland,Slovenia,3,0,QUAL_WC,Home,0,0
2025-09-08,Belarus,Scotland,0,2,QUAL_WC,Neutral,0,0
2025-09-08,Greece,Denmark,0,3,QUAL_WC,Home,0,0
2025-09-08,Israel,Italy,4,5,QUAL_WC,Neutral,0,0
2025-09-08,Croatia,Montenegro,4,0,QUAL_WC,Home,0,0
2025-09-08,Gibraltar,Faroe Islands,0,1,QUAL_WC,Home,0,0
2025-09-09,Azerbaijan,Ukraine,1,1,QUAL_WC,Home,0,0
2025-09-09,France,Iceland,2,1,QUAL_WC,Home,0,0
2025-09-09,Armenia,Republic of Ireland,2,1,QUAL_WC,Home,0,0
2025-09-09,Hungary,Portugal,2,3,QUAL_WC,Home,0,0
2025-09-09,Bosnia and Herzegovina,Austria,1,2,QUAL_WC,Home,0,0
2025-09-09,Cyprus,Romania,2,2,QUAL_WC,Home,0,0
2025-09-09,Norway,Moldova,11,1,QUAL_WC,Home,0,0
2025-09-09,Albania,Latvia,1,0,QUAL_WC,Home,0,0
2025-09-09,Serbia,England,0,5,QUAL_WC,Home,0,0
2025-10-09,Scotland,Greece,3,1,QUAL_WC,Home,0,0
2025-10-09,Belarus,Denmark,0,6,QUAL_WC,Neutral,0,0
2025-10-09,Malta,Netherlands,0,4,QUAL_WC,Home,0,0
2025-10-09,Finland,Lithuania,2,1,QUAL_WC,Home,0,0
2025-10-09,Austria,San Marino,10,0,QUAL_WC,Home,0,0
2025-10-09,Cyprus,Bosnia and Herzegovina,2,2,QUAL_WC,Home,0,0
2025-10-09,Faroe Islands,Montenegro,4,0,QUAL_WC,Home,0,0
2025-10-09,Czech Republic,Croatia,0,0,QUAL_WC,Home,0,0
2025-10-10,Northern Ireland,Slovakia,2,0,QUAL_WC,Home,0,0
2025-10-10,Germany,Luxembourg,4,0,QUAL_WC,Home,0,0
2025-10-10,Kosovo,Slovenia,0,0,QUAL_WC,Home,0,0
2025-10-10,Sweden,Switzerland,0,2,QUAL_WC,Home,0,0
2025-10-10,Iceland,Ukraine,3,5,QUAL_WC,Home,0,0
2025-10-10,France,Azerbaijan,3,0,QUAL_WC,Home,0,0
2025-10-10,Kazakhstan,Liechtenstein,4,0,QUAL_WC,Home,0,0
2025-10-10,Belgium,North Macedonia,0,0,QUAL_WC,Home,0,0
2025-10-11,Spain,Georgia,2,0,QUAL_WC,Home,0,0
2025-10-11,Bulgaria,Turkey,1,6,QUAL_WC,Home,0,0
2025-10-11,Hungary,Armenia,2,0,QUAL_WC,Home,0,0
2025-10-11,Portugal,Republic of Ireland,1,0,QUAL_WC,Home,0,0
2025-10-11,Norway,Israel,5,0,QUAL_WC,Home,0,0
2025-10-11,Estonia,Italy,1,3,QUAL_WC,Home,0,0
2025-10-11,Latvia,Andorra,2,2,QUAL_WC,Home,0,0
2025-10-11,Serbia,Albania,0,1,QUAL_WC,Home,0,0
2025-10-12,Scotland,Belarus,2,1,QUAL_WC,Home,0,0
2025-10-12,Denmark,Greece,3,1,QUAL_WC,Home,0,0
2025-10-12,Netherlands,Finland,4,0,QUAL_WC,Home,0,0
2025-10-12,Lithuania,Poland,0,2,QUAL_WC,Home,0,0
2025-10-12,San Marino,Cyprus,0,4,QUAL_WC,Home,0,0
2025-10-12,Romania,Austria,1,0,QUAL_WC,Home,0,0
2025-10-12,Faroe Islands,Czech Republic,2,1,QUAL_WC,Home,0,0
2025-10-12,Croatia,Gibraltar,3,0,QUAL_WC,Home,0,0
2025-10-13,Northern Ireland,Germany,0,1,QUAL_WC,Home,0,0
2025-10-13,Slovakia,Luxembourg,2,0,QUAL_WC,Home,0,0
2025-10-13,Slovenia,Switzerland,0,0,QUAL_WC,Home,0,0
2025-10-13,Sweden,Kosovo,0,1,QUAL_WC,Home,0,0
2025-10-13,Iceland,France,2,2,QUAL_WC,Home,0,0
2025-10-13,Ukraine,Azerbaijan,2,1,QUAL_WC,Neutral,0,0
2025-10-13,Wales,Belgium,2,4,QUAL_WC,Home,0,0
2025-10-13,North Macedonia,Kazakhstan,1,1,QUAL_WC,Home,0,0
2025-10-14,Spain,Bulgaria,4,0,QUAL_WC,Home,0,0
2025-10-14,Turkey,Georgia,4,1,QUAL_WC,Home,0,0
2025-10-14,Portugal,Hungary,2,2,QUAL_WC,Home,0,0
2025-10-14,Republic of Ireland,Armenia,1,0,QUAL_WC,Home,0,0
2025-10-14,Estonia,Moldova,1,1,QUAL_WC,Home,0,0
2025-10-14,Italy,Israel,3,0,QUAL_WC,Home,0,0
2025-10-14,Andorra,Serbia,1,3,QUAL_WC,Home,0,0
2025-10-14,Latvia,England,0,5,QUAL_WC,Home,0,0
2025-11-13,France,Ukraine,4,0,QUAL_WC,Home,0,0
2025-11-13,Azerbaijan,Iceland,0,2,QUAL_WC,Home,0,0
2025-11-13,Republic of Ireland,Portugal,2,0,QUAL_WC,Home,0,0
2025-11-13,Armenia,Hungary,0,1,QUAL_WC,Home,0,0
2025-11-13,Norway,Estonia,4,1,QUAL_WC,Home,0,0
2025-11-13,Moldova,Italy,0,2,QUAL_WC,Home,0,0
2025-11-13,England,Serbia,2,0,QUAL_WC,Home,0,0
2025-11-13,Andorra,Albania,0,1,QUAL_WC,Home,0,0
2025-11-14,Luxembourg,Germany,0,2,QUAL_WC,Home,0,0
2025-11-14,Slovakia,Northern Ireland,1,0,QUAL_WC,Home,0,0
2025-11-14,Finland,Malta,0,1,QUAL_WC,Home,0,0
2025-11-14,Poland,Netherlands,1,1,QUAL_WC,Home,0,0
2025-11-14,Croatia,Faroe Islands,3,1,QUAL_WC,Home,0,0
2025-11-14,Gibraltar,Montenegro,1,2,QUAL_WC,Home,0,0
2025-11-15,Slovenia,Kosovo,0,2,QUAL_WC,Home,0,0
2025-11-15,Switzerland,Sweden,4,1,QUAL_WC,Home,0,0
2025-11-15,Denmark,Belarus,2,2,QUAL_WC,Home,0,0
2025-11-15,Greece,Scotland,3,2,QUAL_WC,Home,0,0
2025-11-15,Turkey,Bulgaria,2,0,QUAL_WC,Home,0,0
2025-11-15,Georgia,Spain,0,4,QUAL_WC,Home,0,0
2025-11-15,Cyprus,Austria,0,2,QUAL_WC,Home,0,0
2025-11-15,Bosnia and Herzegovina,Romania,3,1,QUAL_WC,Home,0,0
2025-11-15,Liechtenstein,Wales,0,1,QUAL_WC,Home,0,0
2025-11-15,Kazakhstan,Belgium,1,1,QUAL_WC,Home,0,0
2025-11-16,Ukraine,Iceland,2,0,QUAL_WC,Neutral,0,0
2025-11-16,Azerbaijan,France,1,3,QUAL_WC,Home,0,0
2025-11-16,Portugal,Armenia,9,1,QUAL_WC,Home,0,0
2025-11-16,Hungary,Republic of Ireland,2,3,QUAL_WC,Home,0,0
2025-11-16,Moldova,Israel,1,4,QUAL_WC,Home,0,0
2025-11-16,Italy,Norway,1,4,QUAL_WC,Home,0,0
2025-11-16,Albania,England,0,2,QUAL_WC,Home,0,0
2025-11-16,Serbia,Latvia,2,1,QUAL_WC,Home,0,0
2025-11-17,Northern Ireland,Luxembourg,1,0,QUAL_WC,Home,0,0
2025-11-17,Germany,Slovakia,6,0,QUAL_WC,Home,0,0
2025-11-17,Malta,Poland,2,3,QUAL_WC,Home,0,0
2025-11-17,Netherlands,Lithuania,4,0,QUAL_WC,Home,0,0
2025-11-17,Czech Republic,Gibraltar,6,0,QUAL_WC,Home,0,0
2025-11-17,Montenegro,Croatia,2,3,QUAL_WC,Home,0,0
2025-11-18,Kosovo,Switzerland,1,1,QUAL_WC,Home,0,0
2025-11-18,Sweden,Slovenia,1,1,QUAL_WC,Home,0,0
2025-11-18,Scotland,Denmark,4,2,QUAL_WC,Home,0,0
2025-11-18,Belarus,Greece,0,0,QUAL_WC,Neutral,0,0
2025-11-18,Spain,Turkey,2,2,QUAL_WC,Home,0,0
2025-11-18,Bulgaria,Georgia,2,1,QUAL_WC,Home,0,0
2025-11-18,Austria,Bosnia and Herzegovina,1,1,QUAL_WC,Home,0,0
2025-11-18,Romania,San Marino,7,1,QUAL_WC,Home,0,0
2025-11-18,Wales,North Macedonia,7,1,QUAL_WC,Home,0,0
2025-11-18,Belgium,Liechtenstein,7,0,QUAL_WC,Home,0,0
2026-03-26,Italy,Northern Ireland,2,0,QUAL_WC,Home,0,0
2026-03-26,Wales,Bosnia and Herzegovina,1,1,QUAL_WC,Home,0,0
2026-03-26,Poland,Albania,2,1,QUAL_WC,Home,0,0
2026-03-26,Ukraine,Sweden,1,3,QUAL_WC,Neutral,0,0
2026-03-26,Slovakia,Kosovo,3,4,QUAL_WC,Home,0,0
2026-03-26,Turkey,Romania,1,0,QUAL_WC,Home,0,0
2026-03-26,Czech Republic,Republic of Ireland,2,2,QUAL_WC,Home,0,0
2026-03-26,Denmark,North Macedonia,4,0,QUAL_WC,Home,0,0
2026-03-31,Bosnia and Herzegovina,Italy,1,1,QUAL_WC,Home,0,0
2026-03-31,Sweden,Poland,3,2,QUAL_WC,Home,0,0
2026-03-31,Kosovo,Turkey,0,1,QUAL_WC,Home,0,0
2026-03-31,Czech Republic,Denmark,2,2,QUAL_WC,Home,0,0
